{
  "feature_cols": [
    "age",
    "gender",
    "iq_estimate",
    "cpt_hit_rate",
    "cpt_false_alarm_rate",
    "cpt_rt_mean_ms",
    "cpt_rt_variability_ms",
    "ds_forward_span",
    "ds_backward_span",
    "ds_total_score",
    "dd_k_log",
    "dd_pct_immediate_choice",
    "sr_inattention_score",
    "sr_hyperactivity_score",
    "sr_q1_loses_things",
    "sr_q2_forgets_daily",
    "sr_q3_easily_distracted",
    "sr_q4_avoids_effort",
    "sr_q5_careless_errors",
    "sr_q6_fidgets",
    "sr_q7_leaves_seat",
    "sr_q8_talks_excessive",
    "sr_q9_interrupts",
    "sr_q10_acts_impulsive",
    "adhd200_inattentive",
    "adhd200_hyperimpulsive"
  ],
  "target_col": "has_adhd",
  "threshold": 0.5,
  "model_type": "LogisticRegression",
  "random_state": 42,
  "intercept": 1.118915331841704,
  "coefficients": [
    0.0271555915199282,
    -0.005526211019677512,
    -0.32810024203205795,
    -0.4472756666994023,
    0.36809091227601465,
    0.2484343976487005,
    0.5800915229070738,
    -0.18643741195886354,
    -0.2730083735439864,
    -0.3739384729299925,
    0.326041132672705,
    0.2781343115604357,
    0.37954726484380513,
    0.412349135143061,
    0.4626920021741057,
    0.5885085752634563,
    0.3328503660896428,
    0.44810278443184554,
    0.383333277121739,
    0.6208686119108332,
    0.4821220512846665,
    0.3937180156355497,
    0.3678915930341298,
    0.22971567339482896,
    0.28029420094865465,
    0.071627000078185
  ],
  "imputer_statistics": [
    9.8,
    1.0,
    110.5,
    0.7945,
    0.092,
    373.5,
    101.0,
    6.0,
    4.0,
    10.8,
    -2.633,
    0.46599999999999997,
    4.55,
    4.199999999999999,
    2.0,
    2.0,
    1.0,
    2.0,
    2.0,
    2.0,
    1.0,
    2.0,
    2.0,
    2.0,
    32.0,
    24.0
  ],
  "scaler_mean": [
    10.482857142857144,
    0.6714285714285714,
    110.62857142857143,
    0.7723142857142857,
    0.14684285714285714,
    387.98571428571427,
    125.92857142857143,
    5.8,
    4.228571428571429,
    10.684285714285716,
    -2.4163999999999994,
    0.4855857142857143,
    5.029999999999999,
    4.434285714285713,
    1.5571428571428572,
    1.6714285714285715,
    1.4,
    1.5857142857142856,
    1.6285714285714286,
    1.6857142857142857,
    1.4,
    1.6571428571428573,
    1.4285714285714286,
    1.5142857142857142,
    43.22857142857143,
    38.614285714285714
  ],
  "scaler_scale": [
    2.305519552760997,
    0.46969377779353133,
    14.107669067943586,
    0.17969446631571545,
    0.12876996496680046,
    85.68121862164307,
    75.3531346259675,
    1.848551556528207,
    1.5781673691018832,
    3.13417274181086,
    1.583050837555672,
    0.2788564142993995,
    2.8117279892824425,
    2.7622912701640443,
    1.0090407649377315,
    1.0518205790971409,
    1.019803902718557,
    0.9782324751868567,
    1.0845858797772747,
    0.9934479228979262,
    0.9768754855587861,
    1.0939536982329512,
    1.0222025039999039,
    0.9963197585235823,
    24.476911236376814,
    24.989307917669144
  ]
}